Automated update: Mon Oct 27 17:22:35 UTC 2025
Automated update: Tue Oct 28 06:16:58 UTC 2025
Automated update: Wed Oct 29 06:16:52 UTC 2025
Automated update: Thu Oct 30 06:15:58 UTC 2025
Automated update: Fri Oct 31 06:16:08 UTC 2025
Automated update: Sat Nov  1 06:14:01 UTC 2025
Automated update: Sun Nov  2 06:14:43 UTC 2025
Automated update: Mon Nov  3 06:17:15 UTC 2025
Automated update: Tue Nov  4 06:16:35 UTC 2025
Automated update: Wed Nov  5 06:16:29 UTC 2025
Automated update: Thu Nov  6 06:16:27 UTC 2025
Automated update: Fri Nov  7 06:16:21 UTC 2025
Automated update: Sat Nov  8 06:14:13 UTC 2025
Automated update: Sun Nov  9 06:14:33 UTC 2025
Automated update: Mon Nov 10 06:17:40 UTC 2025
Automated update: Tue Nov 11 06:16:45 UTC 2025
Automated update: Wed Nov 12 06:16:34 UTC 2025
Automated update: Thu Nov 13 06:16:57 UTC 2025
Automated update: Fri Nov 14 06:16:29 UTC 2025
Automated update: Sat Nov 15 06:14:40 UTC 2025
Automated update: Sun Nov 16 06:15:11 UTC 2025
Automated update: Mon Nov 17 06:17:19 UTC 2025
Automated update: Tue Nov 18 06:16:15 UTC 2025
Automated update: Wed Nov 19 06:16:24 UTC 2025
Automated update: Thu Nov 20 06:15:56 UTC 2025
Automated update: Fri Nov 21 06:16:51 UTC 2025
Automated update: Sat Nov 22 06:14:26 UTC 2025
Automated update: Sun Nov 23 06:15:09 UTC 2025
Automated update: Mon Nov 24 06:17:34 UTC 2025
Automated update: Tue Nov 25 06:17:31 UTC 2025
Automated update: Wed Nov 26 06:17:13 UTC 2025
Automated update: Thu Nov 27 06:17:33 UTC 2025
Automated update: Fri Nov 28 06:17:08 UTC 2025
Automated update: Sat Nov 29 06:15:18 UTC 2025
Automated update: Sun Nov 30 06:15:52 UTC 2025
Automated update: Mon Dec  1 06:18:36 UTC 2025
Automated update: Tue Dec  2 06:17:58 UTC 2025
Automated update: Wed Dec  3 06:17:43 UTC 2025
Automated update: Thu Dec  4 06:17:19 UTC 2025
Automated update: Fri Dec  5 06:17:37 UTC 2025
Automated update: Sat Dec  6 06:15:13 UTC 2025
Automated update: Sun Dec  7 06:15:02 UTC 2025
Automated update: Mon Dec  8 06:19:17 UTC 2025
Automated update: Tue Dec  9 06:17:42 UTC 2025
Automated update: Wed Dec 10 06:18:05 UTC 2025
Automated update: Thu Dec 11 06:18:28 UTC 2025
Automated update: Fri Dec 12 06:18:02 UTC 2025
Automated update: Sat Dec 13 06:15:57 UTC 2025
Automated update: Sun Dec 14 06:15:52 UTC 2025
Automated update: Mon Dec 15 06:19:41 UTC 2025
Automated update: Tue Dec 16 06:18:25 UTC 2025
Automated update: Wed Dec 17 06:17:43 UTC 2025
Automated update: Thu Dec 18 06:17:45 UTC 2025
Automated update: Fri Dec 19 06:17:40 UTC 2025
Automated update: Sat Dec 20 06:16:38 UTC 2025
Automated update: Sun Dec 21 06:16:13 UTC 2025
Automated update: Mon Dec 22 06:19:11 UTC 2025
Automated update: Tue Dec 23 06:18:21 UTC 2025
Automated update: Wed Dec 24 06:18:50 UTC 2025
Automated update: Thu Dec 25 06:18:02 UTC 2025
Automated update: Fri Dec 26 06:17:56 UTC 2025
